
{
    "name":	"V",
    "surname":	"P",
    "residence":	"B",
    "phoneNumber":	"3",
    "account":	{
        "tariffPlan":	{
            "name":	"T",
            "smsCost":	1,
            "callCostPerMinute":	1,
            "dataCostPerKiloByte":	1,
            "smsLimit":	1,
            "callMinutesLimit":	1,
            "dataUsageLimit":	1,
            "tariffTotalPrice":	1
        },
        "balance":	1,
        "totalCallCost":	1,
        "totalMessageCost":	1,
        "totalDataUsageCost":	1,
        "totalMessages":	1,
        "totalCallMinutes":	1,
        "totalDataUsageKBS":	1
    }
}