[{
		"name":	"promotion sim",
		"smsCost":	10,
		"callCostPerMinute":	12,
		"dataCostPerKiloByte":	10,
		"smsLimit":	1000,
		"callMinutesLimit":	3000,
		"dataUsageLimit":	2000,
		"tariffTotalPrice":	32
	}, {
		"name":	"Promotion 5",
		"smsCost":	12,
		"callCostPerMinute":	15,
		"dataCostPerKiloByte":	15,
		"smsLimit":	10,
		"callMinutesLimit":	10,
		"dataUsageLimit":	10,
		"tariffTotalPrice":	42
	}, {
		"name":	"promotion 12312",
		"smsCost":	14,
		"callCostPerMinute":	12,
		"dataCostPerKiloByte":	19,
		"smsLimit":	12,
		"callMinutesLimit":	14,
		"dataUsageLimit":	19,
		"tariffTotalPrice":	45
	}, {
		"name":	"Promotion 3",
		"smsCost":	14,
		"callCostPerMinute":	12,
		"dataCostPerKiloByte":	15,
		"smsLimit":	0,
		"callMinutesLimit":	10,
		"dataUsageLimit":	10,
		"tariffTotalPrice":	41
	}, {
		"name":	"Promotion",
		"smsCost":	0.34,
		"callCostPerMinute":	10,
		"dataCostPerKiloByte":	0.234,
		"smsLimit":	10,
		"callMinutesLimit":	110,
		"dataUsageLimit":	110,
		"tariffTotalPrice":	10.574
	}, {
		"name":	"promozione",
		"smsCost":	0.02,
		"callCostPerMinute":	0.05,
		"dataCostPerKiloByte":	0.01,
		"smsLimit":	500,
		"callMinutesLimit":	50000,
		"dataUsageLimit":	1000,
		"tariffTotalPrice":	0.08
	}, {
		"name":	"Promotion 2",
		"smsCost":	12,
		"callCostPerMinute":	121,
		"dataCostPerKiloByte":	13,
		"smsLimit":	0,
		"callMinutesLimit":	120,
		"dataUsageLimit":	120,
		"tariffTotalPrice":	146
	}, {
		"name":	"T",
		"smsCost":	1,
		"callCostPerMinute":	1,
		"dataCostPerKiloByte":	1,
		"smsLimit":	1,
		"callMinutesLimit":	1,
		"dataUsageLimit":	1,
		"tariffTotalPrice":	1
	}]